city,Cloudiness (%),Humidity (%),Latitude,Max Temperature (F),Wind Speed (mph),longitude
bushehr,0,36,28.9685,98.1,7.74,50.8403
najran,0,13,17.544,109.71,4.16,44.2247
berezovyy,92,83,51.6667,57.65,3.38,135.7
jizan,0,79,16.8947,98.22,4.05,42.558
yerbogachen,24,37,61.2767,82.8,5.61,108.0108
ushuaia,12,98,-54.807,33.42,18.03,-68.3074
yucaipa,0,64,34.0336,59.52,0.47,-117.0431
mitzic,92,94,0.7824,69.06,2.59,11.5491
abasolo,92,99,20.45,60.21,2.59,-101.5286
ventspils,0,93,57.3894,60.06,24.18,21.5606
matay,0,44,28.4181,92.23,7.52,30.7864
trinitapoli,36,94,41.3589,75.09,2.48,16.0874
cajati,0,94,-24.7273,54.12,3.38,-48.1078
richards bay,80,92,-28.7745,64.83,2.15,32.0555
tevriz,56,81,57.5137,63.32,5.61,72.3989
tigil,68,65,57.8,64.26,4.61,158.6667
castres,0,86,43.6037,64.96,2.93,2.2418
russkaya polyana,0,58,53.7804,74.03,14.23,73.8821
ramnagar,0,47,27.1652,106.84,7.18,84.3285
olive branch,12,89,34.9618,73.9,3.04,-89.8296
ashtian,0,19,34.5217,85.82,3.15,50.0019
mehran,0,35,33.1239,97.57,8.19,46.1659
udachnyy,64,61,66.4167,62.29,4.72,112.4
kajaani,92,85,64.2241,53.35,15.01,27.7334
upata,92,98,8.017,68.25,4.16,-62.4058
taoudenni,0,15,22.6783,91.02,15.23,-3.9837
kangaatsiaq,88,95,68.3065,33.6,3.38,-53.4641
zamora,0,84,41.5057,61.72,2.93,-5.7449
ust-kishert,8,81,57.361,71.37,8.52,57.244
minot,0,60,48.2325,60.15,3.71,-101.2963
marsh harbour,8,100,26.5383,78.24,2.59,-77.0611
guerrero negro,76,100,27.971,59.07,8.08,-114.0364
nuevo progreso,56,93,26.0544,78.78,8.52,-97.9519
rikitea,92,100,-23.1203,74.97,8.97,-134.9692
royan,0,79,45.6245,69.06,11.99,-1.0288
amaigbo,92,99,5.7833,70.14,7.07,7.8333
camocim,8,96,-2.9006,72.12,8.19,-40.8429
tucumcari,0,55,35.1719,72.97,1.48,-103.7251
maniitsoq,44,95,65.4167,34.41,4.5,-52.9001
benghazi,48,100,32.1171,74.64,6.62,20.067
viedma,0,78,-40.8086,32.07,2.71,-62.9947
tiarei,68,100,-17.5334,80.08,17.58,-149.3334
jaguaribe,0,69,-5.8848,73.02,10.76,-38.6196
carahue,48,100,-38.7113,39.27,3.49,-73.1608
weligama,80,86,5.9667,84.33,12.77,80.4167
kloulklubed,20,100,7.0419,83.64,4.94,134.2556
mackenzie,20,60,55.3382,68.52,2.04,-123.0944
chokurdakh,0,71,70.6192,57.92,13.11,147.9022
port augusta,8,46,-32.4909,61.7,6.17,137.764
dongying,8,72,37.4335,90.7,4.61,118.6689
alofi,76,100,-19.0596,78.69,17.47,-169.9187
myitkyina,92,100,25.3833,77.94,2.93,97.4
puerto ayora,12,100,-0.7394,71.4,9.64,-90.3518
bosaso,8,79,11.2785,94.64,12.1,49.18
tromso,92,100,69.6489,45.3,2.04,18.9551
churu,0,38,28.2983,107.31,4.38,74.9679
deputatskiy,0,22,69.3,71.49,7.96,139.9
bolobo,80,92,-2.1667,72.39,3.71,16.2333
taunggyi,48,82,20.7833,80.71,3.71,97.0333
mehriz,0,10,31.5842,103.05,5.73,54.4446
nemuro,64,98,43.3236,55.02,13.44,145.575
laredo,12,78,27.5061,80.04,10.42,-99.5089
khatanga,48,62,71.9801,59.92,13.11,102.4743
falun,0,47,60.607,56.19,9.42,15.6323
kavieng,24,100,-2.5745,84.9,2.04,150.7967
savannah bight,0,96,16.45,82.74,22.17,-85.85
dudinka,12,45,69.4061,80.6,15.46,86.1751
bilibino,92,51,68.055,60.69,2.93,166.4449
zyryanka,0,29,65.7336,66.02,3.6,150.8933
emirdag,80,100,39.0197,63.46,4.05,31.15
brisbane,76,76,-27.469,66.11,10.09,153.0235
ankang,64,79,32.733,75.04,2.59,108.9904
gornopravdinsk,48,73,60.0603,67.69,5.95,69.9229
satara,48,93,17.6883,82.18,3.15,74.0042
longyearbyen,32,97,78.2198,38.7,2.15,15.6349
mukhen,92,100,48.1947,59.7,2.93,136.1372
killybegs,80,100,54.6333,51.42,16.13,-8.45
nouakchott,0,89,18.0792,71.67,18.03,-15.9781
gorontalo,88,74,0.5384,83.01,4.05,123.0595
laukaa,0,54,62.4167,57.99,12.66,25.95
kapit,92,86,2.0165,79.16,3.04,112.9399
sisimiut,56,100,66.9395,30.72,2.37,-53.6735
butaritari,48,100,3.0707,84.24,12.55,172.7902
wenling,64,80,28.3754,83.19,15.12,121.3812
tuchola,0,57,53.5881,66.85,7.74,17.859
port blair,64,100,11.6667,83.71,24.07,92.75
leningradskiy,56,100,69.3833,31.44,13.22,178.4167
suez,0,54,29.9745,88.77,4.05,32.5371
fereydun kenar,0,84,36.6864,81.86,4.94,52.5225
aasiaat,68,100,68.7098,35.49,7.52,-52.8699
murgab,0,28,37.4966,97.29,7.63,61.9714
chiredzi,0,73,-21.0456,65.37,1.03,31.6709
muriti,76,100,-1.9913,74.28,9.19,32.931
gunjur,0,100,13.176,73.74,9.75,-16.7599
alta floresta,0,80,-9.8716,71.04,2.93,-56.084
hajipur,20,79,25.6906,101.66,2.93,85.209
dourbali,100,90,11.8091,73.92,12.21,15.8632
iqaluit,68,90,63.7494,34.0,10.76,-68.5219
yakovlevka,92,77,44.4263,71.38,3.04,133.4742
tacuati,0,87,-23.4573,64.11,5.39,-56.7385
seoul,0,51,37.5667,82.09,8.52,126.9783
finschhafen,36,82,-6.6041,80.11,3.04,147.8537
monrovia,92,100,6.328,71.04,2.71,-10.7978
amalapuram,44,59,16.5777,97.41,10.42,82.0033
awbari,0,28,26.5897,80.42,3.94,12.7694
north platte,92,99,41.1239,64.87,6.96,-100.7655
leh,12,99,34.1642,32.58,1.59,77.5848
suluq,0,75,31.6682,78.89,4.5,20.2521
aswan,0,25,24.0911,98.56,7.4,32.8973
sarakhs,36,29,36.5399,92.73,4.94,61.1565
unity,32,37,52.4429,69.87,6.62,-109.1549
witu,8,64,-2.3878,85.51,10.54,40.4393
oistins,80,100,13.0667,79.14,14.67,-59.5334
paralia,0,100,40.2678,71.04,9.98,22.5971
tanabe,92,95,33.7333,74.93,20.71,135.3864
yulara,0,32,-25.2411,67.59,10.76,130.9869
adrar,0,15,27.8734,79.14,8.19,-0.2875
katobu,68,95,-4.9409,84.47,4.61,122.5276
villa de reyes,56,94,21.8045,57.99,4.5,-100.9327
meulaboh,0,98,4.1363,87.85,5.61,96.1285
baruun-urt,8,59,46.6808,77.81,4.38,113.2846
zhigansk,32,41,66.7656,68.07,7.74,123.3741
xingyi,24,55,24.1877,83.8,6.73,102.817
mwanza,56,79,-2.5197,71.67,9.75,32.9014
hounde,44,83,11.5,73.92,14.56,-3.5167
gobabis,0,61,-22.4496,37.83,1.03,18.9725
denpasar,56,82,-8.65,82.74,2.48,115.2167
nukus,0,30,42.4585,95.81,4.38,59.6052
mayo,88,53,63.5927,67.19,7.07,-135.8962
whitehorse,64,29,60.7216,68.74,4.38,-135.055
cherskiy,0,50,68.75,58.24,1.36,161.3
strathmore,0,57,51.0435,61.86,9.53,-113.3999
vavozh,80,41,56.7736,83.08,7.96,51.9346
christchurch,80,100,-43.531,45.48,3.38,172.6366
turayf,0,25,31.6775,91.15,4.94,38.6531
evensk,44,100,61.9192,44.06,5.61,159.2359
hilo,48,100,19.7072,76.44,10.54,-155.0817
tortoli,0,59,39.9256,79.43,7.52,9.6572
wewak,0,71,-3.5535,88.3,1.92,143.6268
palana,8,65,59.0828,57.09,4.61,159.9513
diego de almagro,0,79,-26.3911,44.67,2.04,-70.046
charters towers,0,37,-20.0715,67.77,6.96,146.271
khandyga,48,24,62.6478,75.74,3.38,135.5751
hanmer springs,88,100,-42.5218,36.84,2.48,172.8303
cookeville,56,71,36.1628,76.35,5.61,-85.5017
trincomalee,24,59,8.5764,93.29,19.15,81.2345
mlowo,0,77,-9.0141,70.05,4.38,33.0021
mezen,92,100,65.8522,60.42,6.51,44.24
siilinjarvi,36,71,63.0833,56.16,14.23,27.6667
morondava,0,77,-20.2954,84.09,4.05,44.2798
basoko,80,93,1.2325,73.87,6.06,23.6057
kindia,80,99,10.0492,70.32,2.93,-12.8578
severo-kurilsk,32,90,50.6789,44.94,6.4,156.125
ikot ekpene,80,98,5.182,69.96,3.15,7.7132
arlit,0,28,18.7391,76.19,8.41,7.3933
meadville,92,74,41.6414,64.02,4.05,-80.1515
nouadhibou,0,84,20.931,66.72,19.6,-17.0347
ushtobe,88,36,45.2514,75.69,9.98,77.9838
ulaanbaatar,8,46,47.9185,84.49,10.2,106.9177
atar,68,30,20.5183,81.12,9.75,-13.0544
tazmalt,0,76,36.3879,67.84,2.37,4.3993
adre,92,100,13.4667,69.66,6.06,22.2
kuching,32,94,1.5574,91.22,8.52,110.344
palembang,24,59,-2.9889,93.33,8.75,104.7569
malanje,80,100,-9.5439,59.0,3.04,16.3475
tasiilaq,0,94,65.6145,35.62,5.17,-37.6368
ust-tsilma,0,52,65.441,70.99,5.95,52.1498
hamilton,76,100,32.2956,76.86,12.77,-64.7828
mugur-aksy,32,52,50.38,62.76,2.59,90.4417
clyde river,68,93,70.4692,33.21,2.93,-68.5915
hereford,32,90,52.0554,61.95,14.45,-2.7152
boende,24,97,-0.2837,72.97,3.15,20.8826
guaira,0,87,-24.0852,55.29,7.4,-54.2568
jambi,12,71,-1.6008,93.79,5.5,103.6209
mozarlandia,0,63,-14.7448,64.56,7.4,-50.5706
inuvik,92,75,68.3583,44.94,5.73,-133.7065
gazalkent,64,50,41.5655,84.97,5.06,69.7753
hervey bay,8,95,-25.2986,66.74,10.54,152.8535
ust-kuyga,36,65,70.0018,70.32,3.71,135.5498
salalah,76,98,17.0149,80.94,12.77,54.0957
kisangani,92,100,0.5184,67.53,2.04,25.2057
copiapo,0,73,-27.3667,48.88,2.59,-70.3334
castro,88,83,-42.4824,44.92,6.4,-73.7644
migori,80,100,-1.0666,66.15,6.17,34.4666
katsina,8,82,12.9894,74.73,17.13,7.6006
tuktoyaktuk,92,100,69.444,34.61,7.07,-133.032
dryden,8,50,49.7857,63.3,4.72,-92.8359
sao miguel do araguaia,0,83,-13.275,64.65,6.17,-50.1628
terrace,8,66,54.5211,71.85,1.48,-128.6101
agirish,20,75,61.9247,64.4,4.05,63.0231
tailai,48,66,46.3912,67.44,17.25,123.4115
kichera,44,50,55.9291,66.74,2.59,110.0967
norman wells,0,44,65.2824,68.07,4.38,-126.8328
port lincoln,24,93,-34.7212,60.96,12.55,135.8592
sampit,68,76,-2.539,89.71,7.96,112.9494
kankan,92,98,10.3834,68.79,6.17,-9.3048
nantucket,0,90,41.2835,63.66,3.6,-70.0995
palauig,48,100,15.435,81.18,3.04,119.9045
poshekhonye,24,72,58.5032,61.52,20.15,39.1197
selikhino,92,99,50.3697,51.06,6.17,137.507
miandrivazo,0,52,-19.5313,87.96,3.6,45.4588
corn island,80,100,12.1694,79.95,8.19,-83.0418
qaanaaq,88,99,77.484,31.62,3.04,-69.3633
porto seguro,92,100,-16.4435,69.66,7.4,-39.0643
bontang,20,100,0.1237,84.36,2.93,117.4717
corralillo,0,100,22.9838,73.56,1.7,-80.5859
dikson,0,92,73.5069,32.94,21.83,80.5464
yueyang,92,79,29.3589,81.95,5.73,113.123
mandalgovi,20,30,45.763,84.27,11.54,106.2704
okhotsk,92,89,59.3644,47.64,12.21,143.2411
vitim,20,53,59.4397,76.46,4.05,112.5729
saskylakh,0,78,71.965,65.61,8.63,114.0939
batagay-alyta,80,56,67.8006,65.62,6.17,130.4114
kununurra,0,12,-15.7731,89.53,10.09,128.7388
shenkursk,100,100,62.106,53.49,11.1,42.9077
kirakira,88,100,-10.4569,80.76,18.14,161.9202
yeppoon,0,50,-23.1349,73.47,5.95,150.7437
arraial do cabo,8,100,-22.9663,65.46,8.19,-42.0245
camacha,92,100,33.0833,66.74,12.21,-16.3334
dubreka,92,100,9.7911,79.77,11.1,-13.5234
ron phibun,92,90,8.1791,83.55,3.71,99.8542
barra do corda,24,91,-5.4969,72.84,4.05,-45.2485
lanivtsi,8,91,49.8734,75.87,4.61,26.078
bartoszyce,0,62,54.2524,69.66,11.54,20.8144
hyeres,0,78,43.1195,71.4,5.06,6.139
opuwo,0,47,-18.0559,39.27,2.71,13.8371
nanortalik,92,97,60.1432,37.08,32.23,-45.2372
port hedland,8,33,-20.3112,85.95,16.02,118.5801
shubarkuduk,0,32,49.1463,93.02,8.08,56.4882
wajid,8,64,3.8093,84.18,12.66,43.2471
tiksi,12,70,71.6366,66.67,4.05,128.8685
sokolovyy,0,36,51.5686,84.9,10.54,45.8331
le vauclin,24,100,14.5452,79.41,15.01,-60.8389
puerto del rosario,0,98,28.5004,66.36,4.16,-13.8628
murree,0,40,33.9054,98.22,0.58,73.3903
zaysan,76,29,47.4667,83.05,3.94,84.8667
aklavik,80,76,68.2183,44.02,8.08,-135.0136
walla walla,0,70,46.065,62.94,4.5,-118.3303
linhai,64,90,28.8602,83.55,3.38,121.1419
solone,8,38,48.2042,90.48,7.74,34.8771
verkhnyaya toyma,88,100,62.2354,58.17,6.06,45.0008
guane,0,92,22.2039,73.02,1.92,-84.0855
jiuquan,0,64,39.7321,72.01,2.15,98.4937
griffith,76,88,-34.2871,54.88,3.04,146.0551
cobija,0,90,-11.0232,62.4,2.04,-68.7656
sambava,92,100,-14.2667,76.5,21.83,50.1667
rafai,80,95,4.95,73.99,5.95,23.9167
wanaka,88,97,-44.6972,35.4,1.92,169.1364
alenquer,56,92,-1.9463,74.01,4.16,-54.7384
sur,0,76,22.5702,94.89,5.5,59.5299
namatanai,32,96,-3.6642,85.1,1.59,152.4407
huarmey,0,83,-10.0688,50.52,1.59,-78.1522
pine bluff,44,94,34.2284,73.92,4.05,-92.0032
khajuraho,0,38,24.8515,109.62,4.5,79.926
magistralnyy,44,48,56.1725,77.18,3.38,107.4458
leo,64,79,11.0971,75.9,14.12,-2.1048
taltal,0,86,-25.408,44.94,1.59,-70.4859
egvekinot,76,58,66.3167,46.02,3.15,-179.1667
mae sai,80,84,20.4376,84.76,2.15,99.8856
wiarton,20,85,44.7407,51.87,3.6,-81.1333
santa vitoria do palmar,0,91,-33.5189,53.01,11.65,-53.3681
leshukonskoye,92,100,64.8989,58.8,3.49,45.7622
jobat,0,47,22.4158,104.23,11.77,74.5663
kolomna,64,57,55.0939,66.27,14.12,38.767
wenchi,56,91,7.738,70.59,11.1,-2.1036
muisne,92,95,0.6104,72.66,3.38,-80.0186
nuuk,56,100,64.175,35.67,3.94,-51.7356
raudeberg,92,100,61.9875,46.35,7.63,5.1352
novosheshminsk,68,49,55.0616,80.65,12.55,51.2249
katherine,0,30,-14.4657,91.4,9.98,132.2631
puranpur,0,51,28.5129,101.84,3.38,80.1475
taiyuan,80,51,37.8562,82.9,1.14,112.5562
sepuka,0,71,-4.7509,68.7,11.77,34.5314
zharkent,92,82,44.1657,58.44,3.71,80.0027
birao,92,100,10.2962,68.52,4.5,22.781
ceratu,0,79,44.0667,77.92,4.16,23.6667
omsukchan,56,40,62.5333,62.76,3.04,155.8
filadelfia,0,85,-22.3529,66.72,9.64,-60.0358
shache,12,51,38.4167,89.47,4.5,77.2406
alice springs,12,17,-23.6984,66.88,11.99,133.8813
bakhmach,8,68,51.1802,79.92,10.98,32.8144
atuona,100,100,-9.8,80.91,11.21,-139.0334
majene,12,93,-3.5403,85.86,7.74,118.9707
hailar,32,54,49.2,71.78,12.77,119.7
ekibastuz,0,57,51.7229,74.48,12.66,75.317
sarkand,76,45,45.4083,78.33,13.11,79.9138
santiago de chuco,0,82,-8.1454,33.51,1.7,-78.1733
lorengau,80,100,-2.0226,84.87,5.39,147.2712
menfi,32,76,37.6066,75.74,2.37,12.9678
brae,92,92,60.3964,50.52,10.2,-1.353
iquique,36,100,-20.2209,58.01,6.06,-70.1431
nidau,0,80,47.125,64.65,3.6,7.2412
chapleau,0,61,47.8456,58.26,6.06,-83.4019
stange,12,47,60.7181,59.45,5.61,11.1914
kanepi,12,64,57.982,65.21,18.48,26.7627
kasli,0,60,55.8905,74.28,8.19,60.754
kahului,68,77,20.8894,78.51,9.42,-156.4728
nioki,68,83,-2.7204,74.28,3.71,17.6854
balkhash,88,68,46.844,79.92,4.61,74.9804
cuamba,0,66,-14.798,74.44,4.38,36.5399
buraydah,0,15,26.3317,107.22,10.54,43.9717
manhush,0,74,47.0561,83.8,6.96,37.3133
hofn,92,100,64.2539,43.14,9.53,-15.2082
balkanabat,0,24,39.5089,98.65,2.93,54.3631
muroto,48,87,33.3739,78.71,7.96,134.1415
westerly,32,71,41.3776,65.91,3.15,-71.8273
nabire,76,86,-3.3597,76.8,1.36,135.505
itapuranga,8,67,-15.5606,61.05,6.62,-49.949
rundu,0,64,-17.9137,46.65,4.94,19.7667
mbanza-ngungu,92,96,-5.2501,66.72,5.5,14.8667
lingyuan,8,40,41.2408,79.77,10.98,119.3958
wonosobo,64,87,-7.3587,75.54,1.92,109.903
qasigiannguit,80,91,68.8201,40.87,3.94,-51.1933
mutoko,0,70,-17.4046,65.68,2.59,32.2256
macau,12,83,-5.1132,73.47,8.97,-36.6351
toba,92,100,34.4714,72.91,21.5,136.8294
khudumelapye,0,60,-23.9143,41.7,2.71,24.9518
salekhard,92,100,66.5375,58.51,12.21,66.6157
comodoro rivadavia,0,96,-45.8654,46.74,26.53,-67.4808
newark,12,62,40.7357,67.19,4.38,-74.1724
kartaly,8,43,53.0533,82.87,10.76,60.6392
salcininkai,0,62,54.3,63.84,16.24,25.3833
kalat,0,13,29.0333,100.47,5.06,66.5843
jiwani,0,70,25.05,100.29,7.18,61.7417
bulancak,92,100,40.9358,63.19,1.36,38.2281
mogadishu,76,100,2.0428,78.46,16.58,45.3386
porto walter,0,91,-8.2688,66.45,2.04,-72.7445
srednekolymsk,0,40,67.4555,62.37,3.94,153.7071
panalingaan,24,89,8.7842,85.08,5.5,117.4231
hithadhoo,8,100,-0.6,84.87,13.78,73.0833
mawlaik,12,77,23.6333,93.18,2.71,94.4167
bogorodskoye,92,95,52.371,58.82,2.93,140.4412
marovoay,0,51,-16.1111,78.24,7.74,46.6417
paveh,0,17,35.0458,93.7,2.04,46.3622
senanga,0,62,-16.1041,55.83,4.5,23.3018
torbay,8,75,47.6577,48.27,13.22,-52.727
pangai,88,99,-19.8,78.33,11.54,-174.3501
beringovskiy,8,100,63.05,43.5,4.61,179.3167
vuktyl,12,65,63.8567,67.75,3.6,57.3094
moussoro,56,72,13.6406,79.9,16.69,16.4908
punta arenas,8,98,-53.1627,40.17,32.57,-70.9081
lixourion,8,92,38.2019,77.34,5.5,20.4314
hambantota,76,90,6.1241,84.67,15.57,81.1185
taylor,100,98,30.5711,75.49,11.54,-97.4092
port-cartier,20,77,50.0257,54.12,9.19,-66.8819
atambua,8,77,-9.1066,87.28,4.61,124.892
akureyri,68,83,65.6826,35.62,2.04,-18.0914
maldonado,8,87,-34.9088,56.89,8.63,-54.9583
beloha,68,92,-25.1739,72.52,4.61,45.0615
brattleboro,0,65,42.8509,56.1,3.04,-72.5579
bozoum,92,97,6.3147,65.95,11.43,16.3806
bandarbeyla,0,80,9.4942,80.04,23.73,50.8122
kailua,48,71,21.3936,77.79,7.63,-157.7438
ifo,56,91,6.8145,77.16,6.17,3.1958
orahovac,0,100,42.3994,70.84,3.6,20.6547
niesky,8,74,51.293,76.03,4.05,14.823
okato,68,97,-39.1896,54.93,17.58,173.8803
iesolo,0,69,45.5347,76.89,7.4,12.6358
patea,44,81,-39.7584,48.63,15.79,174.4833
maputo,92,84,-25.9663,67.98,8.97,32.5675
antalaha,56,95,-14.902,76.8,14.12,50.2794
bethel,76,67,60.7922,53.94,7.18,-161.7559
am timan,92,91,11.0396,71.42,8.41,20.2826
oudtshoorn,0,73,-33.5903,43.86,3.15,22.2042
umea,0,84,63.8284,55.02,18.59,20.2597
xuddur,0,63,4.1213,82.58,13.56,43.8894
karpathos,8,90,35.507,76.6,13.22,27.2132
waitati,64,95,-45.7479,38.82,2.71,170.5729
thabazimbi,0,59,-24.5888,43.41,2.37,27.4118
pangnirtung,68,90,66.149,30.81,2.37,-65.7179
uvat,36,76,59.1433,66.72,4.94,68.8953
kulob,56,39,37.9058,88.88,4.61,69.7793
umm kaddadah,76,86,13.6017,74.62,6.06,26.6876
bilma,32,18,18.6929,93.78,7.18,12.9187
irtyshskiy,56,78,58.3333,67.08,6.06,68.1333
menongue,0,71,-14.6611,47.28,2.93,17.682
jeremie,44,100,18.65,78.6,1.92,-74.1167
calama,0,62,-22.4624,39.27,3.04,-68.9273
kodinar,56,66,20.7903,95.45,9.42,70.7031
taungdwingyi,24,85,20.0019,88.9,8.63,95.5461
shenjiamen,100,100,29.9576,73.56,19.26,122.298
sumkino,56,78,58.1108,67.08,6.06,68.3244
manjacaze,44,88,-24.7091,71.83,2.37,33.8839
thompson,68,45,55.7433,63.66,6.06,-97.8635
kalabo,0,62,-14.9951,52.97,3.15,22.6745
puerto baquerizo moreno,12,100,-0.9,72.39,10.76,-89.6
loa janan,64,86,-0.583,82.65,2.93,117.095
faanui,80,100,-16.4834,80.49,19.71,-151.75
mahibadhoo,88,100,3.7833,83.16,8.41,72.9667
kindu,48,79,-2.9494,72.64,3.04,25.9184
ouidah,88,84,6.3666,77.2,7.74,2.0854
dakoro,0,76,14.5091,77.79,17.02,6.7644
isangel,92,100,-19.55,72.75,14.0,169.2667
longyan,48,77,25.1027,83.37,2.59,117.0283
dentsville,48,75,34.064,78.69,3.15,-80.9582
limbang,24,72,4.7534,89.49,2.93,115.0093
chernyshevskiy,56,49,63.0128,67.71,4.5,112.4714
sao filipe,0,100,14.8961,71.22,11.43,-24.4956
buala,44,100,-8.1456,80.4,6.73,159.593
mecca,0,38,21.426,110.64,3.49,39.8297
ust-ilimsk,0,42,57.9595,85.06,5.06,102.7342
afzalpur,80,99,17.2006,82.31,4.38,76.3606
caravelas,92,100,-17.7297,75.63,18.59,-39.2661
khash,0,11,28.2204,109.31,6.4,61.2137
florence,56,77,34.7998,75.81,3.04,-87.6773
never,80,48,53.9792,68.68,7.18,124.163
ferrol,8,92,43.4847,61.05,2.48,-8.2332
ciudad guayana,100,100,8.3224,72.75,2.37,-62.6897
glenwood springs,56,36,39.5507,54.3,2.59,-107.3256
ileza,88,96,61.0527,52.86,20.04,43.899
vung tau,36,94,10.3486,89.74,12.21,107.0765
anaconda,44,91,46.1288,46.99,1.36,-112.9424
gigmoto,88,100,13.7796,80.4,10.42,124.39
manica,0,88,-18.9368,63.55,2.48,32.876
rio gallegos,92,75,-51.6227,43.86,20.71,-69.2182
takestan,0,46,36.0726,85.41,5.39,49.6937
ndola,20,67,-12.9694,66.02,8.08,28.6366
yarada,12,97,17.65,85.41,19.71,83.2667
honiara,68,85,-9.4313,80.78,3.6,159.9553
neuquen,0,71,-38.9517,32.7,2.71,-68.0591
la rioja,0,81,-29.4128,42.51,3.15,-66.8559
inhambane,0,100,-23.866,71.06,5.39,35.3844
dasoguz,0,36,41.8363,92.25,4.38,59.9666
sibolga,88,72,1.737,84.36,1.36,98.7846
terrace bay,0,86,48.7824,43.14,6.06,-87.1024
cansahcab,64,69,21.157,80.76,6.51,-89.1029
maragheh,0,34,37.3917,85.23,5.61,46.2398
bestobe,0,70,52.4994,71.17,12.1,73.0975
sangin,0,17,32.0703,109.74,6.51,64.8471
blythe,0,33,33.6135,78.82,4.94,-114.5938
khasan,44,76,42.4308,69.69,6.06,130.6434
akdepe,0,35,42.0531,94.91,4.61,59.3876
hirara,32,99,24.8,86.52,16.24,125.2833
yibin,36,72,28.7658,89.78,2.93,104.6353
shelbyville,56,77,39.4064,76.26,8.63,-88.7901
boralday,80,50,43.3578,70.72,4.94,76.8594
beisfjord,92,100,68.3751,46.02,1.92,17.5988
walvis bay,0,100,-22.9544,56.28,7.52,14.5075
chumikan,36,82,54.7183,49.37,5.39,135.315
east london,0,100,-33.0153,62.22,11.77,27.9116
banswara,0,47,23.5501,104.34,9.64,74.4463
kerema,92,100,-7.9626,75.27,3.15,145.7765
hay river,20,74,60.8156,68.43,2.59,-115.7867
araouane,0,18,18.9041,83.93,12.21,-3.5276
baykit,12,57,61.6784,78.8,9.75,96.3854
ostrovnoy,76,93,68.0544,62.89,11.43,39.5129
springbok,0,85,-29.666,29.1,4.5,17.8825
ridgecrest,0,43,35.6225,70.39,2.71,-117.67
sijunjung,24,58,-0.6877,88.54,5.5,100.9537
kretinga,0,94,55.89,60.87,20.6,21.2424
serik,0,81,36.9165,78.33,0.58,31.1011
gbadolite,88,97,4.2814,72.54,4.16,20.9997
villa carlos paz,0,86,-31.4211,44.2,2.93,-64.4993
shahdadkot,0,53,27.8473,106.77,5.61,67.9074
moquegua,0,74,-17.1939,49.17,1.92,-70.9346
pangkalanbuun,36,76,-2.6834,90.63,8.97,111.6167
novobirilyussy,0,56,56.9517,74.59,11.77,90.6858
prachuap khiri khan,92,91,11.8064,80.06,7.63,99.7902
galesong,68,100,-5.3166,79.14,8.63,119.3661
haines junction,76,49,60.7527,58.26,2.93,-137.5101
temir,0,34,49.1433,92.34,7.63,57.127
anadyr,88,61,64.7317,49.12,8.08,177.5061
talara,92,97,-4.5797,63.57,3.6,-81.2719
garowe,0,40,8.4061,95.45,17.69,48.4832
havre-saint-pierre,0,79,50.2334,48.09,8.75,-63.5987
sungaipenuh,12,68,-2.0834,83.79,1.7,101.3833
lensk,68,53,60.7141,75.92,3.6,114.9131
ratholo,0,66,-22.7233,47.89,2.71,27.5747
goma,48,84,-1.6666,67.35,2.04,29.2257
itaituba,92,99,-4.2626,70.95,2.93,-55.9879
eidfjord,88,99,60.4668,36.36,3.49,7.0701
tabas,0,12,33.596,111.47,2.15,56.9247
baykalsk,36,67,51.5226,57.36,4.05,104.1491
trapani,44,77,38.0161,77.13,3.49,12.5437
ouango,92,100,4.3126,70.93,3.04,22.5539
constantine,0,72,36.3645,63.66,2.37,6.6083
rezh,0,50,57.3706,74.91,7.07,61.4043
xam nua,64,71,20.4197,78.24,3.49,104.0439
vilhena,32,86,-12.7369,59.97,1.7,-60.1466
oruro,0,100,-17.9699,31.62,2.37,-67.1149
khuzdar,0,15,27.8,105.35,3.49,66.6167
luwuk,64,88,-0.9504,81.25,5.61,122.7886
altay,0,49,47.8258,70.81,2.93,88.1291
axim,76,100,4.8654,76.62,11.77,-2.2422
sirpur,0,59,18.9374,100.67,4.38,78.677
vyazma,36,62,55.2104,66.22,13.22,34.2951
cuenca,12,62,40.0681,63.25,5.5,-2.1349
provideniya,0,99,64.4238,50.58,10.09,-173.2276
phirangipuram,0,49,16.2919,101.07,9.19,80.263
turinsk,44,56,58.0415,70.0,5.17,63.6976
yellowknife,0,67,62.4541,62.83,2.59,-114.3774
port moresby,44,97,-9.4744,78.69,27.54,147.16
manaure,44,98,11.7771,80.67,3.15,-72.447
quang ngai,32,60,15.1167,88.41,2.37,108.8
lowestoft,0,87,52.4752,61.86,12.66,1.7516
sawkta,92,100,8.6319,76.71,6.96,-13.202
kaitangata,24,91,-46.2818,38.46,3.94,169.8464
nadym,12,99,65.5336,69.42,9.19,72.5114
sinnamary,92,97,5.3772,80.4,10.2,-52.9574
wajima,92,97,37.4,72.03,4.05,136.9
prnjavor,0,96,44.8686,70.29,3.38,17.6632
manggar,56,68,-2.8834,90.91,13.56,108.2667
camapua,0,92,-19.5314,62.4,7.52,-54.0439
mareeba,0,45,-16.9916,72.82,10.76,145.4227
panzhihua,48,84,26.586,79.29,2.93,101.7179
muzhi,92,100,65.4,51.13,10.42,64.7019
yako,8,74,12.9612,78.15,15.12,-2.2636
berdigestyakh,48,51,62.0983,66.9,6.4,126.6998
katesh,0,73,-4.5227,67.24,9.19,35.3886
qingdao,64,94,36.0895,83.5,6.73,120.3497
itapaci,0,76,-14.9523,58.98,4.16,-49.5512
saint austell,92,96,50.3383,59.97,10.2,-4.7659
champasak,80,85,14.8873,86.45,6.51,105.8766
timmins,44,63,48.4775,60.31,5.06,-81.3305
tanete,76,96,-3.9444,77.07,12.66,119.7848
cidreira,0,80,-30.1658,45.21,2.59,-50.2184
boddam,92,100,57.4667,49.98,11.43,-1.7834
ust-maya,76,46,60.4164,66.74,6.62,134.5365
cuite,0,92,-6.4837,66.54,10.54,-36.1537
tombouctou,24,42,16.7719,83.73,13.44,-3.0088
jadu,0,80,31.953,66.31,3.94,12.0261
muscat,36,53,23.5998,110.68,2.59,58.5451
tessalit,0,21,20.2009,79.74,10.98,1.014
bar harbor,0,79,44.3912,57.97,7.4,-68.2008
manokwari,0,97,-0.8667,84.83,11.43,134.0833
dalby,24,75,-27.1823,65.98,7.18,151.2634
avarua,100,100,-21.2078,76.98,15.46,-159.775
derzhavinsk,8,57,51.0991,82.65,13.0,66.3139
emerald,0,30,-23.5264,70.09,10.54,148.1619
great yarmouth,0,85,52.6083,62.67,15.12,1.7305
panama city,20,90,30.1601,84.54,14.23,-85.6546
staryy nadym,12,99,65.6118,69.42,9.19,72.6842
becerril,64,95,9.7033,68.83,1.14,-73.2787
boa vista,76,99,2.8213,74.97,3.04,-60.6724
skegness,0,87,53.1436,61.03,19.15,0.3363
palora,56,100,-1.6984,57.9,2.04,-77.9675
brejning,80,87,55.6638,60.58,6.73,9.6697
presidencia roque saenz pena,0,83,-26.7853,60.69,11.21,-60.4388
ust-omchug,92,31,61.1332,64.56,5.06,149.6325
coripata,8,100,-16.3132,43.68,2.15,-67.6037
westport,56,99,53.8001,51.06,14.23,-9.5203
ucluelet,32,71,48.9414,60.87,1.48,-125.5491
mwense,32,55,-10.3855,68.32,7.4,28.697
sakaiminato,56,87,35.55,74.57,6.51,133.2333
palu,44,77,-0.8958,75.65,1.59,119.868
bourail,68,88,-21.567,64.29,8.63,165.4968
chatra,8,46,24.2057,106.7,5.06,84.8708
vitoria de santo antao,56,79,-8.1181,70.65,7.74,-35.2914
touros,32,85,-5.1989,77.74,13.67,-35.4609
atbasar,12,68,51.811,70.27,6.17,68.3626
ginir,0,67,7.1363,81.3,6.51,40.7112
el tigre,92,98,8.8872,70.77,3.94,-64.2531
lebedyn,8,63,50.5814,88.47,6.62,34.4761
whyalla,44,79,-33.0382,62.04,8.97,137.5801
dargaville,92,100,-35.9383,54.84,20.6,173.863
merke,24,91,42.8685,56.1,1.48,73.1892
hokitika,0,91,-42.7179,51.24,7.96,170.9646
ballina,76,96,54.1143,51.42,15.12,-9.1533
qaqortoq,92,92,60.7167,49.75,21.16,-46.0334
mosalsk,0,55,54.4881,68.49,10.98,34.9817
pueblo nuevo,80,75,23.9909,78.87,3.38,-106.9557
juneau,76,74,58.3019,61.74,2.48,-134.4198
soyo,56,89,-6.1334,71.22,3.15,12.3718
sulangan,76,100,11.1373,86.16,4.72,123.7228
malinyi,68,89,-8.944,72.99,3.15,36.1369
rantauprapat,48,64,2.1,90.59,2.71,99.8333
samarai,88,100,-10.6167,78.44,20.71,150.6667
kati,36,87,12.753,72.36,12.66,-8.067
cravo norte,12,87,6.3045,70.77,2.93,-70.2018
baishishan,56,78,43.5761,62.98,6.62,127.5538
benjamin aceval,0,95,-24.9667,61.5,9.98,-57.5667
inta,92,81,66.0397,50.0,3.38,60.1316
tilichiki,12,75,60.4667,50.88,4.94,166.1
cururupu,64,100,-1.8243,73.65,3.6,-44.873
abhar,0,27,36.1437,94.69,1.36,49.22
puerto penasco,0,98,31.3167,75.45,4.94,-113.5334
yar,64,82,58.2442,70.09,10.76,52.1079
te anau,88,97,-45.4145,38.82,2.48,167.7175
inirida,92,100,3.8653,70.23,1.48,-67.9239
kantang,88,98,7.4189,82.92,4.05,99.5241
fukuma,68,95,33.7667,73.17,4.72,130.4667
iskateley,0,76,67.6803,54.82,11.21,53.1512
kudahuvadhoo,24,100,2.6708,81.52,7.52,72.8944
warman,8,33,52.3202,67.8,7.74,-106.5757
nevyansk,0,51,57.4925,74.59,7.18,60.2107
ingham,0,90,-18.6477,66.9,8.19,146.1603
lahij,20,27,13.0567,115.34,3.71,44.8819
stokmarknes,92,100,68.5646,49.05,5.73,14.9108
taylorville,76,92,39.5489,72.12,4.05,-89.2946
umba,68,86,66.6871,53.96,1.59,34.3429
bjornevatn,48,70,69.6672,56.1,6.62,29.9847
ostersund,0,65,63.1792,53.56,14.0,14.6357
tahoua,0,72,14.8899,78.24,16.58,5.2621
lang suan,76,100,9.9499,78.82,7.52,99.0723
keti bandar,0,94,24.1439,86.2,19.26,67.4511
sao domingos,92,86,-13.3984,65.1,10.54,-46.3184
moose factory,0,58,51.2585,41.7,10.76,-80.6095
muyezerskiy,92,97,63.9333,51.51,8.75,31.65
college,32,69,64.8569,65.19,3.94,-147.8028
sao borja,0,80,-28.6606,51.06,8.52,-56.0045
namibe,76,100,-15.1902,66.72,3.04,12.1531
camopi,8,95,3.166,72.21,2.04,-52.3341
roswell,0,35,33.3943,82.11,15.68,-104.523
susanville,0,60,40.4163,56.1,1.03,-120.6531
sandila,0,46,27.0606,106.34,4.16,80.5114
curup,8,49,-3.4677,90.39,3.49,102.5301
gisborne,100,89,-38.6614,52.29,17.13,178.0206
krasnozerskoye,12,78,53.9828,73.04,10.54,79.2374
alvaraes,24,99,-3.2209,72.39,3.15,-64.8042
vallenar,0,68,-28.5751,41.97,1.92,-70.7617
wainwright,0,41,52.8374,66.09,6.73,-110.8613
lokosovo,92,60,61.1318,63.93,4.72,74.8396
salta,0,78,-24.7894,41.94,1.92,-65.4102
si satchanalai,24,83,17.5169,88.74,4.94,99.7598
yumen,0,41,40.2917,88.02,5.17,97.0449
ulu-telyak,0,54,54.9122,79.79,5.39,56.9767
pundaguitan,12,100,6.3711,84.69,3.71,126.1689
pulaski,0,81,37.0479,70.23,3.04,-80.7798
petropavlovsk-kamchatskiy,76,69,53.0452,66.04,2.48,158.6483
tabou,92,100,4.4194,77.61,6.06,-7.3604
senador guiomard,0,89,-10.151,61.93,2.04,-67.7361
shellbrook,0,35,53.2225,69.06,7.52,-106.3875
bonavista,36,81,48.6542,47.73,8.52,-53.1104
abha,0,14,18.2164,100.0,1.14,42.5044
bingol,0,47,38.8847,85.71,1.03,40.4939
port hardy,0,90,50.6996,60.06,3.38,-127.4199
zhezkazgan,0,37,47.8043,82.87,7.4,67.7144
alice town,64,100,25.7167,81.57,8.08,-79.3001
shimoda,92,100,34.701,71.22,15.57,138.9287
poya,80,100,-21.3464,69.15,14.23,165.1591
dolinsk,64,67,47.3241,65.5,7.4,142.7979
kyshtovka,80,81,56.5596,59.65,18.59,76.6246
kieta,80,100,-6.2167,77.52,3.6,155.6333
simao,92,95,22.7618,72.28,2.71,100.7911
ojinaga,0,45,29.56,75.36,5.5,-104.4088
tairua,88,73,-37.0167,55.8,11.99,175.85
vieste,48,98,41.8825,75.0,7.4,16.175
jalu,32,43,29.0331,83.08,5.95,21.5482
cairns,0,95,-16.9205,73.45,14.12,145.7719
mount isa,0,16,-20.729,75.9,7.4,139.4932
garchitorena,64,95,13.8823,83.37,5.61,123.6987
kronshagen,24,100,54.3315,58.89,11.99,10.0849
mponela,48,92,-13.5298,57.72,5.39,33.7371
mamallapuram,48,85,12.6264,94.98,19.82,80.1722
yarim,0,19,14.2991,97.54,3.49,44.3794
sao felix do xingu,12,92,-6.6448,71.4,2.04,-51.995
hillcrest heights,88,67,38.8329,74.82,5.61,-76.9595
mpanda,0,57,-6.343,73.18,7.07,31.073
bluefields,88,91,12.0132,77.79,2.71,-83.765
tommot,76,65,58.9685,63.18,3.49,126.2669
talnakh,12,49,69.494,70.25,7.07,88.3908
tacuarembo,0,76,-31.7334,47.77,7.52,-55.9834
hobyo,20,69,5.3505,83.3,17.25,48.5268
merauke,88,77,-8.4903,83.23,18.03,140.3956
lae,24,88,-6.7221,76.53,2.15,146.9847
pustoshka,0,55,56.3351,69.75,17.81,29.3685
kapan,0,43,39.2076,80.96,1.7,46.4048
tongliao,48,57,43.6125,70.59,17.69,122.2653
guaruja,12,100,-23.9931,66.27,4.05,-46.2564
lahaina,68,77,20.8727,78.51,9.42,-156.6763
ende,32,100,-8.844,80.04,7.63,121.648
bandarban,80,83,22.1963,91.81,3.15,92.2199
upernavik,92,90,72.7868,32.7,8.63,-56.1549
somers point,20,87,39.3176,69.24,2.59,-74.5947
kagadi,100,100,0.9473,71.85,2.48,30.804
barsovo,80,77,61.1667,64.62,7.63,73.1667
camabatela,12,86,-8.1872,49.93,2.15,15.3739
twentynine palms,0,31,34.1357,70.16,2.48,-116.0544
santa cruz de la palma,56,100,28.6835,68.7,7.4,-17.7643
muros,0,88,42.7744,63.84,3.15,-9.0576
invermere,0,65,50.5057,54.48,1.7,-116.0324
shakawe,0,60,-18.3633,48.58,2.71,21.8398
naliya,8,62,23.2606,97.12,13.67,68.8271
atasu,0,49,48.6814,81.5,7.96,71.6433
luganville,8,100,-15.5122,79.86,4.38,167.1784
nanticoke,64,77,41.2054,59.13,2.48,-76.005
morshansk,64,55,53.4429,81.18,13.22,41.8131
along,80,79,28.1698,79.38,1.92,94.7985
riyadh,0,14,24.632,110.16,2.59,46.7151
batagay,0,57,67.6549,75.81,4.38,134.6351
bulgan,24,53,48.8129,85.17,3.94,103.5323
gilgit,0,83,35.9208,41.47,0.36,74.314
tarrafal,0,100,15.2833,71.4,12.1,-23.7667
koslan,92,79,63.4564,64.02,6.51,48.8989
ambilobe,0,52,-13.1945,91.92,13.67,49.05
mbuguni,80,95,-3.5516,64.36,4.72,36.9165
garh maharaja,0,45,30.8325,108.37,7.63,71.9019
bambous virieux,8,79,-20.3428,76.62,6.4,57.7575
jiayuguan,0,64,39.7722,72.01,2.15,98.2885
teiu,0,84,46.5078,75.97,2.59,22.9829
igrim,56,56,63.1915,63.43,4.05,64.4243
saquarema,0,94,-22.9258,64.0,4.38,-42.5077
szeged,0,100,46.2546,77.52,4.61,20.1486
knysna,0,100,-34.0363,53.85,9.53,23.0471
kalamare,0,62,-22.9345,43.47,1.03,26.5708
sahuaripa,0,54,29.055,68.16,1.7,-109.2348
oum hadjer,76,76,13.2954,76.98,12.1,19.6966
bitkine,32,89,11.9801,72.48,12.21,18.2138
jodiya,8,85,22.6925,91.17,14.45,70.306
sangar,48,43,63.9236,68.59,8.75,127.4668
necochea,0,97,-38.5473,43.59,3.71,-58.7368
lavrentiya,0,94,65.5842,38.82,18.14,-170.989
sherlovaya gora,0,61,50.5282,73.53,6.73,116.3129
a coruna,8,92,43.3713,61.05,2.48,-8.3961
virginia beach,48,93,36.853,75.72,7.74,-75.9775
zaraza,36,95,9.3503,71.4,3.71,-65.325
mount darwin,0,67,-16.7744,67.5,2.71,31.5828
hobart,44,78,-42.8826,54.3,7.63,147.3281
north bend,0,89,43.4065,57.27,2.71,-124.2243
esteio,0,76,-29.8512,45.66,2.71,-51.1779
shitanjing,92,33,39.2342,78.96,4.61,106.3439
sainte-anne-des-monts,8,81,49.1264,53.49,10.76,-66.4856
sistranda,92,100,63.7256,48.13,25.86,8.834
kangshan,64,93,24.676,87.84,3.15,117.6524
rahimatpur,68,91,17.5913,86.92,7.07,74.198
fort nelson,8,59,58.8063,75.0,1.59,-122.694
cabreuva,0,94,-23.3076,56.57,5.17,-47.1328
sao gabriel da cachoeira,88,99,-0.1303,70.77,2.37,-67.0892
todos santos,0,100,23.4501,71.15,9.98,-110.2254
acajutiba,92,94,-11.6609,70.47,7.52,-38.019
marrakesh,0,84,31.626,58.71,2.71,-7.9887
sergeyevka,12,83,53.881,71.33,10.76,67.4159
arman,76,57,59.7,56.71,3.71,150.1667
dharchula,20,75,29.85,64.74,1.14,80.5333
semey,0,42,50.405,84.54,8.52,80.2492
loikaw,76,89,19.6742,78.87,2.93,97.2094
cedartown,0,70,34.0124,77.61,3.94,-85.256
oriximina,36,99,-1.7656,72.3,2.71,-55.8662
inhapim,0,91,-19.5502,49.08,2.48,-42.121
epinal,0,87,48.1833,68.49,3.04,6.45
puerto cabezas,92,100,14.0351,78.6,6.17,-83.3889
aykhal,44,61,65.9451,64.72,6.4,111.5081
pallasovka,44,24,50.0432,96.3,5.06,46.8857
pahrump,0,26,36.2083,68.72,1.92,-115.984
cavalcante,0,71,-13.7929,64.92,8.19,-47.4569
viramgam,8,45,23.1225,103.98,9.53,72.0484
bagdarin,0,47,54.4434,73.49,3.49,113.5905
cuauhtemoc,0,76,28.7247,68.5,3.49,-111.6259
bossier city,36,71,32.516,78.51,6.17,-93.7322
suleja,92,98,9.1758,69.87,6.06,7.1808
mahbubabad,8,49,17.6167,101.62,4.5,80.0167
port hawkesbury,0,79,45.6181,53.31,13.22,-61.3575
somerset,44,72,37.092,76.62,7.52,-84.6042
manaus,20,97,-3.1317,73.2,1.92,-59.9826
mesetas,32,87,3.3844,66.0,2.15,-74.0438
nhulunbuy,80,98,-12.1805,80.08,18.25,136.776
amazar,8,40,53.8602,74.35,4.94,120.8781
hit,0,27,33.6416,102.9,13.67,42.8251
pindiga,76,86,9.9833,73.11,14.56,10.9333
marondera,0,77,-18.1901,52.39,2.71,31.5455
